Species,Replicate,Time,OD600,Condition
Corynebacterium_afermentans,1,0,0.0236,oxic
Cutibacterium_acnes,1,0,0.0096,oxic
Micrococcus_luteus,1,0,0.0067,oxic
Staphylococcus_aureus,1,0,-0.0103,oxic
Staphylococcus_capitis,1,0,0.0035,oxic
Corynebacterium_afermentans,2,0,0.0224,oxic
Cutibacterium_acnes,2,0,0.012,oxic
Micrococcus_luteus,2,0,0.0042,oxic
Staphylococcus_aureus,2,0,-0.0103,oxic
Staphylococcus_capitis,2,0,0.004,oxic
Corynebacterium_afermentans,3,0,0.0241,oxic
Cutibacterium_acnes,3,0,0.0244,oxic
Micrococcus_luteus,3,0,0.0015,oxic
Staphylococcus_aureus,3,0,-0.0148,oxic
Staphylococcus_capitis,3,0,0.0021,oxic
Corynebacterium_afermentans,4,0,0.0174,oxic
Cutibacterium_acnes,4,0,0.0248,oxic
Micrococcus_luteus,4,0,0.0158,oxic
Staphylococcus_aureus,4,0,0.0016,oxic
Staphylococcus_capitis,4,0,0.0001,oxic
Staphylococcus_epidermidis,1,0,0.0016,oxic
Staphylococcus_hominis,1,0,0.0027,oxic
Staphylococcus_warneri,1,0,-0.0008,oxic
Streptococcus_mitis,1,0,0,oxic
BHI_neg_ctrl,1,0,-0.0022,oxic
Staphylococcus_epidermidis,2,0,0.0017,oxic
Staphylococcus_hominis,2,0,0.0016,oxic
Staphylococcus_warneri,2,0,-0.0116,oxic
Streptococcus_mitis,2,0,-0.0023,oxic
BHI_neg_ctrl,2,0,0.0041,oxic
Staphylococcus_epidermidis,3,0,0.0024,oxic
Staphylococcus_hominis,3,0,-0.0066,oxic
Staphylococcus_warneri,3,0,-0.0087,oxic
Streptococcus_mitis,3,0,-0.0026,oxic
BHI_neg_ctrl,3,0,-0.0026,oxic
Staphylococcus_epidermidis,4,0,0.0029,oxic
Staphylococcus_hominis,4,0,0.0019,oxic
Staphylococcus_warneri,4,0,0.0045,oxic
Streptococcus_mitis,4,0,0.0048,oxic
BHI_neg_ctrl,4,0,0.0018,oxic
Corynebacterium_afermentans,1,2,0.10686,oxic
Cutibacterium_acnes,1,2,0.03326,oxic
Micrococcus_luteus,1,2,0.08066,oxic
Staphylococcus_aureus,1,2,0.03126,oxic
Staphylococcus_capitis,1,2,0.01466,oxic
Corynebacterium_afermentans,2,2,0.08206,oxic
Cutibacterium_acnes,2,2,0.03016,oxic
Micrococcus_luteus,2,2,0.05656,oxic
Staphylococcus_aureus,2,2,0.02366,oxic
Staphylococcus_capitis,2,2,0.01286,oxic
Corynebacterium_afermentans,3,2,0.11436,oxic
Cutibacterium_acnes,3,2,0.02746,oxic
Micrococcus_luteus,3,2,0.05596,oxic
Staphylococcus_aureus,3,2,0.01846,oxic
Staphylococcus_capitis,3,2,0.01136,oxic
Corynebacterium_afermentans,4,2,0.08776,oxic
Cutibacterium_acnes,4,2,0.02726,oxic
Micrococcus_luteus,4,2,0.05696,oxic
Staphylococcus_aureus,4,2,0.02986,oxic
Staphylococcus_capitis,4,2,0.01006,oxic
Staphylococcus_epidermidis,1,2,0.00636,oxic
Staphylococcus_hominis,1,2,0.00916,oxic
Staphylococcus_warneri,1,2,0.00986,oxic
Streptococcus_mitis,1,2,0.06686,oxic
BHI_neg_ctrl,1,2,-0.00264,oxic
Staphylococcus_epidermidis,2,2,0.00556,oxic
Staphylococcus_hominis,2,2,0.00786,oxic
Staphylococcus_warneri,2,2,0.01596,oxic
Streptococcus_mitis,2,2,0.01926,oxic
BHI_neg_ctrl,2,2,0.00586,oxic
Staphylococcus_epidermidis,3,2,0.00626,oxic
Staphylococcus_hominis,3,2,0.01056,oxic
Staphylococcus_warneri,3,2,0.01746,oxic
Streptococcus_mitis,3,2,0.01766,oxic
BHI_neg_ctrl,3,2,-0.00184,oxic
Staphylococcus_epidermidis,4,2,0.00706,oxic
Staphylococcus_hominis,4,2,0.00866,oxic
Staphylococcus_warneri,4,2,0.01536,oxic
Streptococcus_mitis,4,2,0.01586,oxic
BHI_neg_ctrl,4,2,0.00156,oxic
Corynebacterium_afermentans,1,4,0.1755,oxic
Cutibacterium_acnes,1,4,0.0154,oxic
Micrococcus_luteus,1,4,0.1399,oxic
Staphylococcus_aureus,1,4,0.2215,oxic
Staphylococcus_capitis,1,4,0.0855,oxic
Corynebacterium_afermentans,2,4,0.2259,oxic
Cutibacterium_acnes,2,4,0.0096,oxic
Micrococcus_luteus,2,4,0.1299,oxic
Staphylococcus_aureus,2,4,0.2163,oxic
Staphylococcus_capitis,2,4,0.0807,oxic
Corynebacterium_afermentans,3,4,0.2053,oxic
Cutibacterium_acnes,3,4,0.0083,oxic
Micrococcus_luteus,3,4,0.1472,oxic
Staphylococcus_aureus,3,4,0.2422,oxic
Staphylococcus_capitis,3,4,0.0931,oxic
Corynebacterium_afermentans,4,4,-0.0095,oxic
Cutibacterium_acnes,4,4,-0.0209,oxic
Micrococcus_luteus,4,4,-0.0204,oxic
Staphylococcus_aureus,4,4,-0.0257,oxic
Staphylococcus_capitis,4,4,-0.0115,oxic
Staphylococcus_epidermidis,1,4,0.0353,oxic
Staphylococcus_hominis,1,4,0.0519,oxic
Staphylococcus_warneri,1,4,0.1405,oxic
Streptococcus_mitis,1,4,0.0176,oxic
BHI_neg_ctrl,1,4,-0.0118,oxic
Staphylococcus_epidermidis,2,4,0.0375,oxic
Staphylococcus_hominis,2,4,0.0586,oxic
Staphylococcus_warneri,2,4,0.111,oxic
Streptococcus_mitis,2,4,0.0182,oxic
BHI_neg_ctrl,2,4,-0.0204,oxic
Staphylococcus_epidermidis,3,4,0.0425,oxic
Staphylococcus_hominis,3,4,0.0454,oxic
Staphylococcus_warneri,3,4,0.1002,oxic
Streptococcus_mitis,3,4,0.0129,oxic
BHI_neg_ctrl,3,4,-0.0173,oxic
Staphylococcus_epidermidis,4,4,0.5563,oxic
Staphylococcus_hominis,4,4,0.4702,oxic
Staphylococcus_warneri,4,4,0.5073,oxic
Streptococcus_mitis,4,4,0.214,oxic
BHI_neg_ctrl,4,4,-0.0124,oxic
Corynebacterium_afermentans,1,6,0.33872,oxic
Cutibacterium_acnes,1,6,0.03032,oxic
Micrococcus_luteus,1,6,0.27812,oxic
Staphylococcus_aureus,1,6,0.50422,oxic
Staphylococcus_capitis,1,6,0.22652,oxic
Corynebacterium_afermentans,2,6,0.31322,oxic
Cutibacterium_acnes,2,6,0.02812,oxic
Micrococcus_luteus,2,6,0.25782,oxic
Staphylococcus_aureus,2,6,0.48932,oxic
Staphylococcus_capitis,2,6,0.24422,oxic
Corynebacterium_afermentans,3,6,0.36052,oxic
Cutibacterium_acnes,3,6,0.02712,oxic
Micrococcus_luteus,3,6,0.24192,oxic
Staphylococcus_aureus,3,6,0.46672,oxic
Staphylococcus_capitis,3,6,0.21922,oxic
Corynebacterium_afermentans,4,6,0.35592,oxic
Cutibacterium_acnes,4,6,0.02622,oxic
Micrococcus_luteus,4,6,0.28732,oxic
Staphylococcus_aureus,4,6,0.48582,oxic
Staphylococcus_capitis,4,6,0.25462,oxic
Staphylococcus_epidermidis,1,6,0.23822,oxic
Staphylococcus_hominis,1,6,0.22502,oxic
Staphylococcus_warneri,1,6,0.37052,oxic
Streptococcus_mitis,1,6,0.08762,oxic
BHI_neg_ctrl,1,6,-0.00548,oxic
Staphylococcus_epidermidis,2,6,0.20302,oxic
Staphylococcus_hominis,2,6,0.21542,oxic
Staphylococcus_warneri,2,6,0.37302,oxic
Streptococcus_mitis,2,6,0.05252,oxic
BHI_neg_ctrl,2,6,0.00522,oxic
Staphylococcus_epidermidis,3,6,0.20772,oxic
Staphylococcus_hominis,3,6,0.23112,oxic
Staphylococcus_warneri,3,6,0.34602,oxic
Streptococcus_mitis,3,6,0.05272,oxic
BHI_neg_ctrl,3,6,-0.00328,oxic
Staphylococcus_epidermidis,4,6,0.21832,oxic
Staphylococcus_hominis,4,6,0.20442,oxic
Staphylococcus_warneri,4,6,0.33102,oxic
Streptococcus_mitis,4,6,0.04492,oxic
BHI_neg_ctrl,4,6,-0.00168,oxic
Corynebacterium_afermentans,1,8,0.45822,oxic
Cutibacterium_acnes,1,8,0.07832,oxic
Micrococcus_luteus,1,8,0.35362,oxic
Staphylococcus_aureus,1,8,0.52292,oxic
Staphylococcus_capitis,1,8,0.37462,oxic
Corynebacterium_afermentans,2,8,0.44252,oxic
Cutibacterium_acnes,2,8,0.03812,oxic
Micrococcus_luteus,2,8,0.37202,oxic
Staphylococcus_aureus,2,8,0.52982,oxic
Staphylococcus_capitis,2,8,0.38632,oxic
Corynebacterium_afermentans,3,8,0.47212,oxic
Cutibacterium_acnes,3,8,0.04582,oxic
Micrococcus_luteus,3,8,0.35022,oxic
Staphylococcus_aureus,3,8,0.52982,oxic
Staphylococcus_capitis,3,8,0.36122,oxic
Corynebacterium_afermentans,4,8,0.49372,oxic
Cutibacterium_acnes,4,8,0.02702,oxic
Micrococcus_luteus,4,8,0.40982,oxic
Staphylococcus_aureus,4,8,0.53032,oxic
Staphylococcus_capitis,4,8,0.40372,oxic
Staphylococcus_epidermidis,1,8,0.45212,oxic
Staphylococcus_hominis,1,8,0.39972,oxic
Staphylococcus_warneri,1,8,0.52702,oxic
Streptococcus_mitis,1,8,0.09572,oxic
BHI_neg_ctrl,1,8,-0.00608,oxic
Staphylococcus_epidermidis,2,8,0.43972,oxic
Staphylococcus_hominis,2,8,0.37002,oxic
Staphylococcus_warneri,2,8,0.50742,oxic
Streptococcus_mitis,2,8,0.06272,oxic
BHI_neg_ctrl,2,8,0.01102,oxic
Staphylococcus_epidermidis,3,8,0.45412,oxic
Staphylococcus_hominis,3,8,0.38322,oxic
Staphylococcus_warneri,3,8,0.49642,oxic
Streptococcus_mitis,3,8,0.06432,oxic
BHI_neg_ctrl,3,8,-0.00458,oxic
Staphylococcus_epidermidis,4,8,0.47292,oxic
Staphylococcus_hominis,4,8,0.34662,oxic
Staphylococcus_warneri,4,8,0.47722,oxic
Streptococcus_mitis,4,8,0.05402,oxic
BHI_neg_ctrl,4,8,-0.00268,oxic
Corynebacterium_afermentans,1,10,0.60358,oxic
Cutibacterium_acnes,1,10,0.17638,oxic
Micrococcus_luteus,1,10,0.50608,oxic
Staphylococcus_aureus,1,10,0.65478,oxic
Staphylococcus_capitis,1,10,0.48188,oxic
Corynebacterium_afermentans,2,10,0.60128,oxic
Cutibacterium_acnes,2,10,0.13768,oxic
Micrococcus_luteus,2,10,0.51558,oxic
Staphylococcus_aureus,2,10,0.64848,oxic
Staphylococcus_capitis,2,10,0.52508,oxic
Corynebacterium_afermentans,3,10,0.62698,oxic
Cutibacterium_acnes,3,10,0.15558,oxic
Micrococcus_luteus,3,10,0.50698,oxic
Staphylococcus_aureus,3,10,0.61668,oxic
Staphylococcus_capitis,3,10,0.46808,oxic
Corynebacterium_afermentans,4,10,0.58768,oxic
Cutibacterium_acnes,4,10,0.10598,oxic
Micrococcus_luteus,4,10,0.58018,oxic
Staphylococcus_aureus,4,10,0.62168,oxic
Staphylococcus_capitis,4,10,0.52288,oxic
Staphylococcus_epidermidis,1,10,0.58338,oxic
Staphylococcus_hominis,1,10,0.55978,oxic
Staphylococcus_warneri,1,10,0.55368,oxic
Streptococcus_mitis,1,10,0.13398,oxic
BHI_neg_ctrl,1,10,-0.00612,oxic
Staphylococcus_epidermidis,2,10,0.58868,oxic
Staphylococcus_hominis,2,10,0.53368,oxic
Staphylococcus_warneri,2,10,0.56188,oxic
Streptococcus_mitis,2,10,0.15228,oxic
BHI_neg_ctrl,2,10,0.00788,oxic
Staphylococcus_epidermidis,3,10,0.64838,oxic
Staphylococcus_hominis,3,10,0.57058,oxic
Staphylococcus_warneri,3,10,0.54958,oxic
Streptococcus_mitis,3,10,0.10578,oxic
BHI_neg_ctrl,3,10,0.00068,oxic
Staphylococcus_epidermidis,4,10,0.69308,oxic
Staphylococcus_hominis,4,10,0.51018,oxic
Staphylococcus_warneri,4,10,0.53168,oxic
Streptococcus_mitis,4,10,0.13288,oxic
BHI_neg_ctrl,4,10,-0.00322,oxic
Corynebacterium_afermentans,1,12,0.55966,oxic
Cutibacterium_acnes,1,12,0.10376,oxic
Micrococcus_luteus,1,12,0.51326,oxic
Staphylococcus_aureus,1,12,0.55836,oxic
Staphylococcus_capitis,1,12,0.53776,oxic
Corynebacterium_afermentans,2,12,0.55776,oxic
Cutibacterium_acnes,2,12,0.09356,oxic
Micrococcus_luteus,2,12,0.55416,oxic
Staphylococcus_aureus,2,12,0.56716,oxic
Staphylococcus_capitis,2,12,0.56346,oxic
Corynebacterium_afermentans,3,12,0.57886,oxic
Cutibacterium_acnes,3,12,0.11256,oxic
Micrococcus_luteus,3,12,0.52366,oxic
Staphylococcus_aureus,3,12,0.56096,oxic
Staphylococcus_capitis,3,12,0.53556,oxic
Corynebacterium_afermentans,4,12,0.54946,oxic
Cutibacterium_acnes,4,12,0.09966,oxic
Micrococcus_luteus,4,12,0.59836,oxic
Staphylococcus_aureus,4,12,0.55456,oxic
Staphylococcus_capitis,4,12,0.58676,oxic
Staphylococcus_epidermidis,1,12,0.55486,oxic
Staphylococcus_hominis,1,12,0.65476,oxic
Staphylococcus_warneri,1,12,0.67546,oxic
Streptococcus_mitis,1,12,0.14776,oxic
BHI_neg_ctrl,1,12,-0.00824,oxic
Staphylococcus_epidermidis,2,12,0.60626,oxic
Staphylococcus_hominis,2,12,0.64206,oxic
Staphylococcus_warneri,2,12,0.65096,oxic
Streptococcus_mitis,2,12,0.18636,oxic
BHI_neg_ctrl,2,12,0.03076,oxic
Staphylococcus_epidermidis,3,12,0.60856,oxic
Staphylococcus_hominis,3,12,0.64556,oxic
Staphylococcus_warneri,3,12,0.60026,oxic
Streptococcus_mitis,3,12,0.17596,oxic
BHI_neg_ctrl,3,12,-0.00914,oxic
Staphylococcus_epidermidis,4,12,0.62936,oxic
Staphylococcus_hominis,4,12,0.61556,oxic
Staphylococcus_warneri,4,12,0.60746,oxic
Streptococcus_mitis,4,12,0.13116,oxic
BHI_neg_ctrl,4,12,-0.00884,oxic
Corynebacterium_afermentans,1,24,0.62046,oxic
Cutibacterium_acnes,1,24,0.05756,oxic
Micrococcus_luteus,1,24,0.54926,oxic
Staphylococcus_aureus,1,24,0.55296,oxic
Staphylococcus_capitis,1,24,0.63906,oxic
Corynebacterium_afermentans,2,24,0.53346,oxic
Cutibacterium_acnes,2,24,0.05316,oxic
Micrococcus_luteus,2,24,0.61976,oxic
Staphylococcus_aureus,2,24,0.59746,oxic
Staphylococcus_capitis,2,24,0.63666,oxic
Corynebacterium_afermentans,3,24,0.56936,oxic
Cutibacterium_acnes,3,24,0.05916,oxic
Micrococcus_luteus,3,24,0.56796,oxic
Staphylococcus_aureus,3,24,0.53676,oxic
Staphylococcus_capitis,3,24,0.57056,oxic
Corynebacterium_afermentans,4,24,0.58746,oxic
Cutibacterium_acnes,4,24,0.04466,oxic
Micrococcus_luteus,4,24,0.63156,oxic
Staphylococcus_aureus,4,24,0.55696,oxic
Staphylococcus_capitis,4,24,0.68786,oxic
Staphylococcus_epidermidis,1,24,0.43496,oxic
Staphylococcus_hominis,1,24,0.63396,oxic
Staphylococcus_warneri,1,24,0.51536,oxic
Streptococcus_mitis,1,24,0.07296,oxic
BHI_neg_ctrl,1,24,0.00236,oxic
Staphylococcus_epidermidis,2,24,0.43866,oxic
Staphylococcus_hominis,2,24,0.59786,oxic
Staphylococcus_warneri,2,24,0.49486,oxic
Streptococcus_mitis,2,24,0.07676,oxic
BHI_neg_ctrl,2,24,0.00876,oxic
Staphylococcus_epidermidis,3,24,0.45916,oxic
Staphylococcus_hominis,3,24,0.62456,oxic
Staphylococcus_warneri,3,24,0.47736,oxic
Streptococcus_mitis,3,24,0.07806,oxic
BHI_neg_ctrl,3,24,0.00116,oxic
Staphylococcus_epidermidis,4,24,0.52826,oxic
Staphylococcus_hominis,4,24,0.58656,oxic
Staphylococcus_warneri,4,24,0.45036,oxic
Streptococcus_mitis,4,24,0.09066,oxic
BHI_neg_ctrl,4,24,0.00066,oxic
Corynebacterium_afermentans,1,72,0.45134,oxic
Cutibacterium_acnes,1,72,0.05594,oxic
Micrococcus_luteus,1,72,0.45034,oxic
Staphylococcus_aureus,1,72,0.28424,oxic
Staphylococcus_capitis,1,72,0.60244,oxic
Corynebacterium_afermentans,2,72,0.41504,oxic
Cutibacterium_acnes,2,72,0.06574,oxic
Micrococcus_luteus,2,72,0.45964,oxic
Staphylococcus_aureus,2,72,0.34624,oxic
Staphylococcus_capitis,2,72,0.53334,oxic
Corynebacterium_afermentans,3,72,0.43654,oxic
Cutibacterium_acnes,3,72,0.07804,oxic
Micrococcus_luteus,3,72,0.48284,oxic
Staphylococcus_aureus,3,72,0.31214,oxic
Staphylococcus_capitis,3,72,0.56284,oxic
Corynebacterium_afermentans,4,72,0.68494,oxic
Cutibacterium_acnes,4,72,0.04654,oxic
Micrococcus_luteus,4,72,0.50214,oxic
Staphylococcus_aureus,4,72,0.39464,oxic
Staphylococcus_capitis,4,72,0.79674,oxic
Staphylococcus_epidermidis,1,72,0.40894,oxic
Staphylococcus_hominis,1,72,0.48814,oxic
Staphylococcus_warneri,1,72,0.40184,oxic
Streptococcus_mitis,1,72,-0.00386,oxic
BHI_neg_ctrl,1,72,-0.01506,oxic
Staphylococcus_epidermidis,2,72,0.34564,oxic
Staphylococcus_hominis,2,72,0.46664,oxic
Staphylococcus_warneri,2,72,0.48464,oxic
Streptococcus_mitis,2,72,0.08674,oxic
BHI_neg_ctrl,2,72,0.00914,oxic
Staphylococcus_epidermidis,3,72,0.34844,oxic
Staphylococcus_hominis,3,72,0.50924,oxic
Staphylococcus_warneri,3,72,0.42274,oxic
Streptococcus_mitis,3,72,0.09844,oxic
BHI_neg_ctrl,3,72,0.01224,oxic
Staphylococcus_epidermidis,4,72,0.35454,oxic
Staphylococcus_hominis,4,72,0.43384,oxic
Staphylococcus_warneri,4,72,0.33014,oxic
Streptococcus_mitis,4,72,0.04784,oxic
BHI_neg_ctrl,4,72,0.00424,oxic
Corynebacterium_afermentans,1,96,0.49422,oxic
Cutibacterium_acnes,1,96,0.09222,oxic
Micrococcus_luteus,1,96,0.50112,oxic
Staphylococcus_aureus,1,96,0.41462,oxic
Staphylococcus_capitis,1,96,0.25362,oxic
Corynebacterium_afermentans,2,96,0.63072,oxic
Cutibacterium_acnes,2,96,0.09232,oxic
Micrococcus_luteus,2,96,0.45452,oxic
Staphylococcus_aureus,2,96,0.43802,oxic
Staphylococcus_capitis,2,96,0.58212,oxic
Corynebacterium_afermentans,3,96,0.68732,oxic
Cutibacterium_acnes,3,96,0.08452,oxic
Micrococcus_luteus,3,96,0.49982,oxic
Staphylococcus_aureus,3,96,0.47262,oxic
Staphylococcus_capitis,3,96,0.69842,oxic
Corynebacterium_afermentans,4,96,0.54882,oxic
Cutibacterium_acnes,4,96,0.08472,oxic
Micrococcus_luteus,4,96,0.61772,oxic
Staphylococcus_aureus,4,96,0.42952,oxic
Staphylococcus_capitis,4,96,0.36522,oxic
Staphylococcus_epidermidis,1,96,0.29912,oxic
Staphylococcus_hominis,1,96,0.57402,oxic
Staphylococcus_warneri,1,96,0.51272,oxic
Streptococcus_mitis,1,96,0.00482,oxic
BHI_neg_ctrl,1,96,-0.00828,oxic
Staphylococcus_epidermidis,2,96,0.33452,oxic
Staphylococcus_hominis,2,96,0.45372,oxic
Staphylococcus_warneri,2,96,0.52692,oxic
Streptococcus_mitis,2,96,0.09972,oxic
BHI_neg_ctrl,2,96,0.00162,oxic
Staphylococcus_epidermidis,3,96,0.32082,oxic
Staphylococcus_hominis,3,96,0.51522,oxic
Staphylococcus_warneri,3,96,0.58502,oxic
Streptococcus_mitis,3,96,0.14282,oxic
BHI_neg_ctrl,3,96,0.00842,oxic
Staphylococcus_epidermidis,4,96,0.40922,oxic
Staphylococcus_hominis,4,96,0.48922,oxic
Staphylococcus_warneri,4,96,0.54212,oxic
Streptococcus_mitis,4,96,0.04002,oxic
BHI_neg_ctrl,4,96,-0.00338,oxic
Corynebacterium_afermentans,1,144,0.11474,oxic
Cutibacterium_acnes,1,144,0.01544,oxic
Micrococcus_luteus,1,144,0.13304,oxic
Staphylococcus_aureus,1,144,0.08234,oxic
Staphylococcus_capitis,1,144,0.07074,oxic
Corynebacterium_afermentans,2,144,0.05964,oxic
Cutibacterium_acnes,2,144,0.05104,oxic
Micrococcus_luteus,2,144,0.57784,oxic
Staphylococcus_aureus,2,144,0.19744,oxic
Staphylococcus_capitis,2,144,0.12854,oxic
Corynebacterium_afermentans,3,144,0.08434,oxic
Cutibacterium_acnes,3,144,0.07104,oxic
Micrococcus_luteus,3,144,0.62474,oxic
Staphylococcus_aureus,3,144,0.30494,oxic
Staphylococcus_capitis,3,144,0.10584,oxic
Corynebacterium_afermentans,4,144,0.08994,oxic
Cutibacterium_acnes,4,144,0.05154,oxic
Micrococcus_luteus,4,144,0.80824,oxic
Staphylococcus_aureus,4,144,0.13874,oxic
Staphylococcus_capitis,4,144,0.13324,oxic
Staphylococcus_epidermidis,1,144,0.02684,oxic
Staphylococcus_hominis,1,144,0.44874,oxic
Staphylococcus_warneri,1,144,0.59194,oxic
Streptococcus_mitis,1,144,-0.00306,oxic
BHI_neg_ctrl,1,144,-0.00506,oxic
Staphylococcus_epidermidis,2,144,0.09604,oxic
Staphylococcus_hominis,2,144,0.39674,oxic
Staphylococcus_warneri,2,144,0.52154,oxic
Streptococcus_mitis,2,144,0.03524,oxic
BHI_neg_ctrl,2,144,-0.00016,oxic
Staphylococcus_epidermidis,3,144,0.06374,oxic
Staphylococcus_hominis,3,144,0.59394,oxic
Staphylococcus_warneri,3,144,0.65804,oxic
Streptococcus_mitis,3,144,0.05454,oxic
BHI_neg_ctrl,3,144,-0.00116,oxic
Staphylococcus_epidermidis,4,144,0.04544,oxic
Staphylococcus_hominis,4,144,0.47074,oxic
Staphylococcus_warneri,4,144,0.76674,oxic
Streptococcus_mitis,4,144,0.00124,oxic
BHI_neg_ctrl,4,144,0.00054,oxic
Cutibacterium_acnes,1,0,0,anoxic
Cutibacterium_acnes,2,0,0,anoxic
Cutibacterium_acnes,3,0,0,anoxic
Cutibacterium_acnes,4,0,0,anoxic
Corynebacterium_afermentans,1,0,0,anoxic
Corynebacterium_afermentans,2,0,0,anoxic
Corynebacterium_afermentans,3,0,0,anoxic
Corynebacterium_afermentans,4,0,0,anoxic
Micrococcus_luteus,1,0,0,anoxic
Micrococcus_luteus,2,0,0,anoxic
Micrococcus_luteus,3,0,0,anoxic
Micrococcus_luteus,4,0,0,anoxic
BHI_neg_ctrl,1,0,0,anoxic
BHI_neg_ctrl,2,0,0,anoxic
BHI_neg_ctrl,3,0,0,anoxic
BHI_neg_ctrl,4,0,0,anoxic
Staphylococcus_aureus,1,0,0,anoxic
Staphylococcus_aureus,2,0,0,anoxic
Staphylococcus_aureus,3,0,0,anoxic
Staphylococcus_aureus,4,0,0,anoxic
Staphylococcus_capitis,1,0,0,anoxic
Staphylococcus_capitis,2,0,0,anoxic
Staphylococcus_capitis,3,0,0,anoxic
Staphylococcus_capitis,4,0,0,anoxic
Staphylococcus_epidermidis,1,0,0,anoxic
Staphylococcus_epidermidis,2,0,0,anoxic
Staphylococcus_epidermidis,3,0,0,anoxic
Staphylococcus_epidermidis,4,0,0,anoxic
Staphylococcus_hominis,1,0,0,anoxic
Staphylococcus_hominis,2,0,0,anoxic
Staphylococcus_hominis,3,0,0,anoxic
Staphylococcus_hominis,4,0,0,anoxic
Streptococcus_mitis,1,0,0,anoxic
Streptococcus_mitis,2,0,0,anoxic
Streptococcus_mitis,3,0,0,anoxic
Streptococcus_mitis,4,0,0,anoxic
Staphylococcus_warneri,1,0,0,anoxic
Staphylococcus_warneri,2,0,0,anoxic
Staphylococcus_warneri,3,0,0,anoxic
Staphylococcus_warneri,4,0,0,anoxic
Cutibacterium_acnes,1,10.31722222,0.0002,anoxic
Cutibacterium_acnes,2,10.31722222,0.0009,anoxic
Cutibacterium_acnes,3,10.31722222,0.0009,anoxic
Cutibacterium_acnes,4,10.31722222,-0.0001,anoxic
Corynebacterium_afermentans,1,10.31722222,0.0023,anoxic
Corynebacterium_afermentans,2,10.31722222,0.0015,anoxic
Corynebacterium_afermentans,3,10.31722222,0.002,anoxic
Corynebacterium_afermentans,4,10.31722222,0.0019,anoxic
Micrococcus_luteus,1,10.31722222,0.0024,anoxic
Micrococcus_luteus,2,10.31722222,0.0022,anoxic
Micrococcus_luteus,3,10.31722222,0.0004,anoxic
Micrococcus_luteus,4,10.31722222,0,anoxic
BHI_neg_ctrl,1,10.31722222,0.0004,anoxic
BHI_neg_ctrl,2,10.31722222,-0.0009,anoxic
BHI_neg_ctrl,3,10.31722222,0.0003,anoxic
BHI_neg_ctrl,4,10.31722222,-0.0006,anoxic
Staphylococcus_aureus,1,10.31722222,0.2928,anoxic
Staphylococcus_aureus,2,10.31722222,0.2976,anoxic
Staphylococcus_aureus,3,10.31722222,0.3171,anoxic
Staphylococcus_aureus,4,10.31722222,0.3315,anoxic
Staphylococcus_capitis,1,10.31722222,0.0491,anoxic
Staphylococcus_capitis,2,10.31722222,0.0372,anoxic
Staphylococcus_capitis,3,10.31722222,0.0241,anoxic
Staphylococcus_capitis,4,10.31722222,0.0373,anoxic
Staphylococcus_epidermidis,1,10.31722222,0.2839,anoxic
Staphylococcus_epidermidis,2,10.31722222,0.2529,anoxic
Staphylococcus_epidermidis,3,10.31722222,0.3979,anoxic
Staphylococcus_epidermidis,4,10.31722222,0.277,anoxic
Staphylococcus_hominis,1,10.31722222,0.3632,anoxic
Staphylococcus_hominis,2,10.31722222,0.2379,anoxic
Staphylococcus_hominis,3,10.31722222,0.2828,anoxic
Staphylococcus_hominis,4,10.31722222,0.2616,anoxic
Streptococcus_mitis,1,10.31722222,0.0047,anoxic
Streptococcus_mitis,2,10.31722222,0.0024,anoxic
Streptococcus_mitis,3,10.31722222,0.0017,anoxic
Streptococcus_mitis,4,10.31722222,0.0014,anoxic
Staphylococcus_warneri,1,10.31722222,0.755,anoxic
Staphylococcus_warneri,2,10.31722222,0.6896,anoxic
Staphylococcus_warneri,3,10.31722222,0.6781,anoxic
Staphylococcus_warneri,4,10.31722222,0.4937,anoxic
Cutibacterium_acnes,1,20.20222222,0.0013,anoxic
Cutibacterium_acnes,2,20.20222222,0.0075,anoxic
Cutibacterium_acnes,3,20.20222222,0.007,anoxic
Cutibacterium_acnes,4,20.20222222,0.0043,anoxic
Corynebacterium_afermentans,1,20.20222222,0.0137,anoxic
Corynebacterium_afermentans,2,20.20222222,0.012,anoxic
Corynebacterium_afermentans,3,20.20222222,0.0112,anoxic
Corynebacterium_afermentans,4,20.20222222,0.0141,anoxic
Micrococcus_luteus,1,20.20222222,0.0248,anoxic
Micrococcus_luteus,2,20.20222222,0.0035,anoxic
Micrococcus_luteus,3,20.20222222,0.0011,anoxic
Micrococcus_luteus,4,20.20222222,0.0237,anoxic
BHI_neg_ctrl,1,20.20222222,-0.0001,anoxic
BHI_neg_ctrl,2,20.20222222,-0.0011,anoxic
BHI_neg_ctrl,3,20.20222222,5.00E-04,anoxic
BHI_neg_ctrl,4,20.20222222,-5.00E-04,anoxic
Staphylococcus_aureus,1,20.20222222,0.3282,anoxic
Staphylococcus_aureus,2,20.20222222,0.2692,anoxic
Staphylococcus_aureus,3,20.20222222,0.2817,anoxic
Staphylococcus_aureus,4,20.20222222,0.2946,anoxic
Staphylococcus_capitis,1,20.20222222,0.6108,anoxic
Staphylococcus_capitis,2,20.20222222,0.5473,anoxic
Staphylococcus_capitis,3,20.20222222,0.4532,anoxic
Staphylococcus_capitis,4,20.20222222,0.3525,anoxic
Staphylococcus_epidermidis,1,20.20222222,0.3741,anoxic
Staphylococcus_epidermidis,2,20.20222222,0.6179,anoxic
Staphylococcus_epidermidis,3,20.20222222,0.4322,anoxic
Staphylococcus_epidermidis,4,20.20222222,0.3542,anoxic
Staphylococcus_hominis,1,20.20222222,0.5998,anoxic
Staphylococcus_hominis,2,20.20222222,0.5464,anoxic
Staphylococcus_hominis,3,20.20222222,0.5442,anoxic
Staphylococcus_hominis,4,20.20222222,0.5278,anoxic
Streptococcus_mitis,1,20.20222222,0.4109,anoxic
Streptococcus_mitis,2,20.20222222,0.3742,anoxic
Streptococcus_mitis,3,20.20222222,0.2795,anoxic
Streptococcus_mitis,4,20.20222222,0.2667,anoxic
Staphylococcus_warneri,1,20.20222222,0.5391,anoxic
Staphylococcus_warneri,2,20.20222222,0.5582,anoxic
Staphylococcus_warneri,3,20.20222222,0.612,anoxic
Staphylococcus_warneri,4,20.20222222,0.6635,anoxic
Cutibacterium_acnes,1,30.08861111,0.0074,anoxic
Cutibacterium_acnes,2,30.08861111,0.0148,anoxic
Cutibacterium_acnes,3,30.08861111,0.0188,anoxic
Cutibacterium_acnes,4,30.08861111,0.0162,anoxic
Corynebacterium_afermentans,1,30.08861111,0.0508,anoxic
Corynebacterium_afermentans,2,30.08861111,0.0519,anoxic
Corynebacterium_afermentans,3,30.08861111,0.0641,anoxic
Corynebacterium_afermentans,4,30.08861111,0.0745,anoxic
Micrococcus_luteus,1,30.08861111,0.055,anoxic
Micrococcus_luteus,2,30.08861111,0.0043,anoxic
Micrococcus_luteus,3,30.08861111,0.0023,anoxic
Micrococcus_luteus,4,30.08861111,0.207,anoxic
BHI_neg_ctrl,1,30.08861111,-0.0012,anoxic
BHI_neg_ctrl,2,30.08861111,-0.0022,anoxic
BHI_neg_ctrl,3,30.08861111,-5.00E-04,anoxic
BHI_neg_ctrl,4,30.08861111,-0.0007,anoxic
Staphylococcus_aureus,1,30.08861111,0.1888,anoxic
Staphylococcus_aureus,2,30.08861111,0.2195,anoxic
Staphylococcus_aureus,3,30.08861111,0.2203,anoxic
Staphylococcus_aureus,4,30.08861111,0.2316,anoxic
Staphylococcus_capitis,1,30.08861111,0.5821,anoxic
Staphylococcus_capitis,2,30.08861111,0.5099,anoxic
Staphylococcus_capitis,3,30.08861111,0.3991,anoxic
Staphylococcus_capitis,4,30.08861111,0.4628,anoxic
Staphylococcus_epidermidis,1,30.08861111,0.2492,anoxic
Staphylococcus_epidermidis,2,30.08861111,0.3582,anoxic
Staphylococcus_epidermidis,3,30.08861111,0.4641,anoxic
Staphylococcus_epidermidis,4,30.08861111,0.4565,anoxic
Staphylococcus_hominis,1,30.08861111,0.6234,anoxic
Staphylococcus_hominis,2,30.08861111,0.5954,anoxic
Staphylococcus_hominis,3,30.08861111,0.5913,anoxic
Staphylococcus_hominis,4,30.08861111,0.5978,anoxic
Streptococcus_mitis,1,30.08861111,0.4663,anoxic
Streptococcus_mitis,2,30.08861111,0.3872,anoxic
Streptococcus_mitis,3,30.08861111,0.227,anoxic
Streptococcus_mitis,4,30.08861111,0.3054,anoxic
Staphylococcus_warneri,1,30.08861111,0.4622,anoxic
Staphylococcus_warneri,2,30.08861111,0.4679,anoxic
Staphylococcus_warneri,3,30.08861111,0.5376,anoxic
Staphylococcus_warneri,4,30.08861111,0.5808,anoxic
Cutibacterium_acnes,1,39.97805556,0.024,anoxic
Cutibacterium_acnes,2,39.97805556,0.0286,anoxic
Cutibacterium_acnes,3,39.97805556,0.0389,anoxic
Cutibacterium_acnes,4,39.97805556,0.0367,anoxic
Corynebacterium_afermentans,1,39.97805556,0.118,anoxic
Corynebacterium_afermentans,2,39.97805556,0.1596,anoxic
Corynebacterium_afermentans,3,39.97805556,0.1701,anoxic
Corynebacterium_afermentans,4,39.97805556,0.1846,anoxic
Micrococcus_luteus,1,39.97805556,0.0716,anoxic
Micrococcus_luteus,2,39.97805556,0.0092,anoxic
Micrococcus_luteus,3,39.97805556,0.0053,anoxic
Micrococcus_luteus,4,39.97805556,0.1825,anoxic
BHI_neg_ctrl,1,39.97805556,-0.0016,anoxic
BHI_neg_ctrl,2,39.97805556,-0.0029,anoxic
BHI_neg_ctrl,3,39.97805556,-0.0011,anoxic
BHI_neg_ctrl,4,39.97805556,-5.00E-04,anoxic
Staphylococcus_aureus,1,39.97805556,0.1503,anoxic
Staphylococcus_aureus,2,39.97805556,0.1565,anoxic
Staphylococcus_aureus,3,39.97805556,0.155,anoxic
Staphylococcus_aureus,4,39.97805556,0.1538,anoxic
Staphylococcus_capitis,1,39.97805556,0.4959,anoxic
Staphylococcus_capitis,2,39.97805556,0.4407,anoxic
Staphylococcus_capitis,3,39.97805556,0.3245,anoxic
Staphylococcus_capitis,4,39.97805556,0.3884,anoxic
Staphylococcus_epidermidis,1,39.97805556,0.0994,anoxic
Staphylococcus_epidermidis,2,39.97805556,0.245,anoxic
Staphylococcus_epidermidis,3,39.97805556,0.3327,anoxic
Staphylococcus_epidermidis,4,39.97805556,0.3298,anoxic
Staphylococcus_hominis,1,39.97805556,0.6033,anoxic
Staphylococcus_hominis,2,39.97805556,0.5879,anoxic
Staphylococcus_hominis,3,39.97805556,0.5923,anoxic
Staphylococcus_hominis,4,39.97805556,0.6323,anoxic
Streptococcus_mitis,1,39.97805556,0.48,anoxic
Streptococcus_mitis,2,39.97805556,0.3823,anoxic
Streptococcus_mitis,3,39.97805556,0.2626,anoxic
Streptococcus_mitis,4,39.97805556,0.3159,anoxic
Staphylococcus_warneri,1,39.97805556,0.3986,anoxic
Staphylococcus_warneri,2,39.97805556,0.3735,anoxic
Staphylococcus_warneri,3,39.97805556,0.3808,anoxic
Staphylococcus_warneri,4,39.97805556,0.3932,anoxic
Cutibacterium_acnes,1,50.29833333,0.0531,anoxic
Cutibacterium_acnes,2,50.29833333,0.0474,anoxic
Cutibacterium_acnes,3,50.29833333,0.0595,anoxic
Cutibacterium_acnes,4,50.29833333,0.0558,anoxic
Corynebacterium_afermentans,1,50.29833333,0.2218,anoxic
Corynebacterium_afermentans,2,50.29833333,0.2918,anoxic
Corynebacterium_afermentans,3,50.29833333,0.3152,anoxic
Corynebacterium_afermentans,4,50.29833333,0.3296,anoxic
Micrococcus_luteus,1,50.29833333,0.0566,anoxic
Micrococcus_luteus,2,50.29833333,0.0143,anoxic
Micrococcus_luteus,3,50.29833333,0.0075,anoxic
Micrococcus_luteus,4,50.29833333,0.1503,anoxic
BHI_neg_ctrl,1,50.29833333,-0.0019,anoxic
BHI_neg_ctrl,2,50.29833333,-0.0031,anoxic
BHI_neg_ctrl,3,50.29833333,-0.0017,anoxic
BHI_neg_ctrl,4,50.29833333,-5.00E-04,anoxic
Staphylococcus_aureus,1,50.29833333,0.1335,anoxic
Staphylococcus_aureus,2,50.29833333,0.1125,anoxic
Staphylococcus_aureus,3,50.29833333,0.1165,anoxic
Staphylococcus_aureus,4,50.29833333,0.1139,anoxic
Staphylococcus_capitis,1,50.29833333,0.4135,anoxic
Staphylococcus_capitis,2,50.29833333,0.3842,anoxic
Staphylococcus_capitis,3,50.29833333,0.2802,anoxic
Staphylococcus_capitis,4,50.29833333,0.3461,anoxic
Staphylococcus_epidermidis,1,50.29833333,0.0614,anoxic
Staphylococcus_epidermidis,2,50.29833333,0.1745,anoxic
Staphylococcus_epidermidis,3,50.29833333,0.2259,anoxic
Staphylococcus_epidermidis,4,50.29833333,0.2465,anoxic
Staphylococcus_hominis,1,50.29833333,0.574,anoxic
Staphylococcus_hominis,2,50.29833333,0.565,anoxic
Staphylococcus_hominis,3,50.29833333,0.5805,anoxic
Staphylococcus_hominis,4,50.29833333,0.6445,anoxic
Streptococcus_mitis,1,50.29833333,0.4991,anoxic
Streptococcus_mitis,2,50.29833333,0.3887,anoxic
Streptococcus_mitis,3,50.29833333,0.3251,anoxic
Streptococcus_mitis,4,50.29833333,0.3703,anoxic
Staphylococcus_warneri,1,50.29833333,0.3554,anoxic
Staphylococcus_warneri,2,50.29833333,0.3598,anoxic
Staphylococcus_warneri,3,50.29833333,0.375,anoxic
Cutibacterium_acnes,1,60.19,0.0762,anoxic
Cutibacterium_acnes,2,60.19,0.0725,anoxic
Cutibacterium_acnes,3,60.19,0.0864,anoxic
Cutibacterium_acnes,4,60.19,0.0727,anoxic
Corynebacterium_afermentans,1,60.19,0.2534,anoxic
Corynebacterium_afermentans,2,60.19,0.3825,anoxic
Corynebacterium_afermentans,3,60.19,0.3967,anoxic
Corynebacterium_afermentans,4,60.19,0.3443,anoxic
Micrococcus_luteus,1,60.19,0.0581,anoxic
Micrococcus_luteus,2,60.19,0.0194,anoxic
Micrococcus_luteus,3,60.19,0.0096,anoxic
Micrococcus_luteus,4,60.19,0.2476,anoxic
BHI_neg_ctrl,1,60.19,-0.0018,anoxic
BHI_neg_ctrl,2,60.19,-0.003,anoxic
BHI_neg_ctrl,3,60.19,-0.0014,anoxic
BHI_neg_ctrl,4,60.19,-0.0004,anoxic
Staphylococcus_aureus,1,60.19,0.031,anoxic
Staphylococcus_aureus,2,60.19,0.101,anoxic
Staphylococcus_aureus,3,60.19,0.1024,anoxic
Staphylococcus_aureus,4,60.19,0.1013,anoxic
Staphylococcus_capitis,1,60.19,0.364,anoxic
Staphylococcus_capitis,2,60.19,0.3323,anoxic
Staphylococcus_capitis,3,60.19,0.2345,anoxic
Staphylococcus_capitis,4,60.19,0.3161,anoxic
Staphylococcus_epidermidis,1,60.19,0.0178,anoxic
Staphylococcus_epidermidis,2,60.19,0.1319,anoxic
Staphylococcus_epidermidis,3,60.19,0.1503,anoxic
Staphylococcus_epidermidis,4,60.19,0.1907,anoxic
Staphylococcus_hominis,1,60.19,0.5402,anoxic
Staphylococcus_hominis,2,60.19,0.5359,anoxic
Staphylococcus_hominis,3,60.19,0.5662,anoxic
Staphylococcus_hominis,4,60.19,0.6273,anoxic
Streptococcus_mitis,1,60.19,0.4886,anoxic
Streptococcus_mitis,2,60.19,0.3771,anoxic
Streptococcus_mitis,3,60.19,0.3614,anoxic
Streptococcus_mitis,4,60.19,0.4346,anoxic
Staphylococcus_warneri,1,60.19,0.3212,anoxic
Staphylococcus_warneri,2,60.19,0.3304,anoxic
Staphylococcus_warneri,3,60.19,0.3435,anoxic
Staphylococcus_warneri,4,60.19,0.3366,anoxic
Cutibacterium_acnes,1,70.08222222,0.112,anoxic
Cutibacterium_acnes,2,70.08222222,0.1629,anoxic
Cutibacterium_acnes,3,70.08222222,0.1645,anoxic
Cutibacterium_acnes,4,70.08222222,0.1015,anoxic
Corynebacterium_afermentans,1,70.08222222,0.3712,anoxic
Corynebacterium_afermentans,2,70.08222222,0.463,anoxic
Corynebacterium_afermentans,3,70.08222222,0.4691,anoxic
Corynebacterium_afermentans,4,70.08222222,0.4043,anoxic
Micrococcus_luteus,1,70.08222222,0.0499,anoxic
Micrococcus_luteus,2,70.08222222,0.0218,anoxic
Micrococcus_luteus,3,70.08222222,0.0099,anoxic
Micrococcus_luteus,4,70.08222222,0.2277,anoxic
BHI_neg_ctrl,1,70.08222222,-0.0019,anoxic
BHI_neg_ctrl,2,70.08222222,-0.0029,anoxic
BHI_neg_ctrl,3,70.08222222,-0.0014,anoxic
BHI_neg_ctrl,4,70.08222222,-0.0003,anoxic
Staphylococcus_aureus,1,70.08222222,-0.0054,anoxic
Staphylococcus_aureus,2,70.08222222,0.0979,anoxic
Staphylococcus_aureus,3,70.08222222,0.0999,anoxic
Staphylococcus_aureus,4,70.08222222,0.1006,anoxic
Staphylococcus_capitis,1,70.08222222,0.3298,anoxic
Staphylococcus_capitis,2,70.08222222,0.2996,anoxic
Staphylococcus_capitis,3,70.08222222,0.1988,anoxic
Staphylococcus_capitis,4,70.08222222,0.2934,anoxic
Staphylococcus_epidermidis,1,70.08222222,-0.0129,anoxic
Staphylococcus_epidermidis,2,70.08222222,0.1058,anoxic
Staphylococcus_epidermidis,3,70.08222222,0.1261,anoxic
Staphylococcus_epidermidis,4,70.08222222,0.1718,anoxic
Staphylococcus_hominis,1,70.08222222,0.5216,anoxic
Staphylococcus_hominis,2,70.08222222,0.5366,anoxic
Staphylococcus_hominis,3,70.08222222,0.5525,anoxic
Staphylococcus_hominis,4,70.08222222,0.6131,anoxic
Streptococcus_mitis,1,70.08222222,0.5302,anoxic
Streptococcus_mitis,2,70.08222222,0.3917,anoxic
Streptococcus_mitis,3,70.08222222,0.3977,anoxic
Streptococcus_mitis,4,70.08222222,0.4996,anoxic
Staphylococcus_warneri,1,70.08222222,0.2953,anoxic
Staphylococcus_warneri,2,70.08222222,0.2994,anoxic
Staphylococcus_warneri,3,70.08222222,0.3069,anoxic
Staphylococcus_warneri,4,70.08222222,0.2954,anoxic
Cutibacterium_acnes,1,79.97861111,0.1506,anoxic
Cutibacterium_acnes,2,79.97861111,0.266,anoxic
Cutibacterium_acnes,3,79.97861111,0.2602,anoxic
Cutibacterium_acnes,4,79.97861111,0.1317,anoxic
Corynebacterium_afermentans,1,79.97861111,0.4543,anoxic
Corynebacterium_afermentans,2,79.97861111,0.4745,anoxic
Corynebacterium_afermentans,3,79.97861111,0.4782,anoxic
Corynebacterium_afermentans,4,79.97861111,0.416,anoxic
Micrococcus_luteus,1,79.97861111,0.0524,anoxic
Micrococcus_luteus,2,79.97861111,0.0212,anoxic
Micrococcus_luteus,3,79.97861111,0.0093,anoxic
Micrococcus_luteus,4,79.97861111,0.1016,anoxic
BHI_neg_ctrl,1,79.97861111,-0.0018,anoxic
BHI_neg_ctrl,2,79.97861111,-0.0027,anoxic
BHI_neg_ctrl,3,79.97861111,-0.0011,anoxic
BHI_neg_ctrl,4,79.97861111,-0.0003,anoxic
Staphylococcus_aureus,1,79.97861111,-0.0098,anoxic
Staphylococcus_aureus,2,79.97861111,0.1001,anoxic
Staphylococcus_aureus,3,79.97861111,0.0995,anoxic
Staphylococcus_aureus,4,79.97861111,0.1025,anoxic
Staphylococcus_capitis,1,79.97861111,0.291,anoxic
Staphylococcus_capitis,2,79.97861111,0.2716,anoxic
Staphylococcus_capitis,3,79.97861111,0.1674,anoxic
Staphylococcus_capitis,4,79.97861111,0.273,anoxic
Staphylococcus_epidermidis,1,79.97861111,-0.0144,anoxic
Staphylococcus_epidermidis,2,79.97861111,0.0973,anoxic
Staphylococcus_epidermidis,3,79.97861111,0.1068,anoxic
Staphylococcus_epidermidis,4,79.97861111,0.1528,anoxic
Staphylococcus_hominis,1,79.97861111,0.5078,anoxic
Staphylococcus_hominis,2,79.97861111,0.5321,anoxic
Staphylococcus_hominis,3,79.97861111,0.5381,anoxic
Staphylococcus_hominis,4,79.97861111,0.6005,anoxic
Streptococcus_mitis,1,79.97861111,0.5422,anoxic
Streptococcus_mitis,2,79.97861111,0.3819,anoxic
Streptococcus_mitis,3,79.97861111,0.3947,anoxic
Streptococcus_mitis,4,79.97861111,0.5165,anoxic
Staphylococcus_warneri,1,79.97861111,0.2739,anoxic
Staphylococcus_warneri,2,79.97861111,0.2726,anoxic
Staphylococcus_warneri,3,79.97861111,0.2719,anoxic
Staphylococcus_warneri,4,79.97861111,0.2683,anoxic
Cutibacterium_acnes,1,90.30694444,0.1743,anoxic
Cutibacterium_acnes,2,90.30694444,0.3523,anoxic
Cutibacterium_acnes,3,90.30694444,0.343,anoxic
Cutibacterium_acnes,4,90.30694444,0.1787,anoxic
Corynebacterium_afermentans,1,90.30694444,0.4839,anoxic
Corynebacterium_afermentans,2,90.30694444,0.4953,anoxic
Corynebacterium_afermentans,3,90.30694444,0.4877,anoxic
Corynebacterium_afermentans,4,90.30694444,0.4885,anoxic
Micrococcus_luteus,1,90.30694444,0.0372,anoxic
Micrococcus_luteus,2,90.30694444,0.0198,anoxic
Micrococcus_luteus,3,90.30694444,0.0095,anoxic
Micrococcus_luteus,4,90.30694444,0.0806,anoxic
BHI_neg_ctrl,1,90.30694444,-0.0016,anoxic
BHI_neg_ctrl,2,90.30694444,-0.0025,anoxic
BHI_neg_ctrl,3,90.30694444,-0.0008,anoxic
BHI_neg_ctrl,4,90.30694444,-0.0002,anoxic
Staphylococcus_aureus,1,90.30694444,-0.0097,anoxic
Staphylococcus_aureus,2,90.30694444,0.1088,anoxic
Staphylococcus_aureus,3,90.30694444,0.1063,anoxic
Staphylococcus_aureus,4,90.30694444,0.1122,anoxic
Staphylococcus_capitis,1,90.30694444,0.2916,anoxic
Staphylococcus_capitis,2,90.30694444,0.2733,anoxic
Staphylococcus_capitis,3,90.30694444,0.1745,anoxic
Staphylococcus_capitis,4,90.30694444,0.2772,anoxic
Staphylococcus_epidermidis,1,90.30694444,-0.0145,anoxic
Staphylococcus_epidermidis,2,90.30694444,0.0924,anoxic
Staphylococcus_epidermidis,3,90.30694444,0.0999,anoxic
Staphylococcus_epidermidis,4,90.30694444,0.1513,anoxic
Staphylococcus_hominis,1,90.30694444,0.5037,anoxic
Staphylococcus_hominis,2,90.30694444,0.5331,anoxic
Staphylococcus_hominis,3,90.30694444,0.5305,anoxic
Staphylococcus_hominis,4,90.30694444,0.5924,anoxic
Streptococcus_mitis,1,90.30694444,0.5737,anoxic
Streptococcus_mitis,2,90.30694444,0.4005,anoxic
Streptococcus_mitis,3,90.30694444,0.4212,anoxic
Streptococcus_mitis,4,90.30694444,0.549,anoxic
Staphylococcus_warneri,1,90.30694444,0.265,anoxic
Staphylococcus_warneri,2,90.30694444,0.2596,anoxic
Staphylococcus_warneri,3,90.30694444,0.2613,anoxic
Staphylococcus_warneri,4,90.30694444,0.2644,anoxic
Cutibacterium_acnes,1,100.2080556,0.1974,anoxic
Cutibacterium_acnes,2,100.2080556,0.431,anoxic
Cutibacterium_acnes,3,100.2080556,0.4047,anoxic
Cutibacterium_acnes,4,100.2080556,0.2219,anoxic
Corynebacterium_afermentans,1,100.2080556,0.4822,anoxic
Corynebacterium_afermentans,2,100.2080556,0.4807,anoxic
Corynebacterium_afermentans,3,100.2080556,0.4851,anoxic
Corynebacterium_afermentans,4,100.2080556,0.494,anoxic
Micrococcus_luteus,1,100.2080556,0.0371,anoxic
Micrococcus_luteus,2,100.2080556,0.0185,anoxic
Micrococcus_luteus,3,100.2080556,0.0099,anoxic
Micrococcus_luteus,4,100.2080556,0.074,anoxic
BHI_neg_ctrl,1,100.2080556,-0.0016,anoxic
BHI_neg_ctrl,2,100.2080556,-0.0019,anoxic
BHI_neg_ctrl,3,100.2080556,-0.0004,anoxic
BHI_neg_ctrl,4,100.2080556,-1.00E-04,anoxic
Staphylococcus_aureus,1,100.2080556,-0.0095,anoxic
Staphylococcus_aureus,2,100.2080556,0.1225,anoxic
Staphylococcus_aureus,3,100.2080556,0.1153,anoxic
Staphylococcus_aureus,4,100.2080556,0.1234,anoxic
Staphylococcus_capitis,1,100.2080556,0.2667,anoxic
Staphylococcus_capitis,2,100.2080556,0.2436,anoxic
Staphylococcus_capitis,3,100.2080556,0.1599,anoxic
Staphylococcus_capitis,4,100.2080556,0.2583,anoxic
Staphylococcus_epidermidis,1,100.2080556,-0.0144,anoxic
Staphylococcus_epidermidis,2,100.2080556,0.0547,anoxic
Staphylococcus_epidermidis,3,100.2080556,0.0918,anoxic
Staphylococcus_epidermidis,4,100.2080556,0.1416,anoxic
Staphylococcus_hominis,1,100.2080556,0.4875,anoxic
Staphylococcus_hominis,2,100.2080556,0.5159,anoxic
Staphylococcus_hominis,3,100.2080556,0.5092,anoxic
Staphylococcus_hominis,4,100.2080556,0.567,anoxic
Streptococcus_mitis,1,100.2080556,0.5807,anoxic
Streptococcus_mitis,2,100.2080556,0.3953,anoxic
Streptococcus_mitis,3,100.2080556,0.4198,anoxic
Streptococcus_mitis,4,100.2080556,0.5527,anoxic
Staphylococcus_warneri,1,100.2080556,0.2547,anoxic
Staphylococcus_warneri,2,100.2080556,0.247,anoxic
Staphylococcus_warneri,3,100.2080556,0.2503,anoxic
Staphylococcus_warneri,4,100.2080556,0.2571,anoxic
Cutibacterium_acnes,1,110.1108333,0.2266,anoxic
Cutibacterium_acnes,2,110.1108333,0.4788,anoxic
Cutibacterium_acnes,3,110.1108333,0.4612,anoxic
Cutibacterium_acnes,4,110.1108333,0.2763,anoxic
Corynebacterium_afermentans,1,110.1108333,0.4734,anoxic
Corynebacterium_afermentans,2,110.1108333,0.4863,anoxic
Corynebacterium_afermentans,3,110.1108333,0.4815,anoxic
Corynebacterium_afermentans,4,110.1108333,0.5159,anoxic
Micrococcus_luteus,1,110.1108333,0.0348,anoxic
Micrococcus_luteus,2,110.1108333,0.0199,anoxic
Micrococcus_luteus,3,110.1108333,0.0103,anoxic
Micrococcus_luteus,4,110.1108333,0.0673,anoxic
BHI_neg_ctrl,1,110.1108333,-0.0016,anoxic
BHI_neg_ctrl,2,110.1108333,-0.0014,anoxic
BHI_neg_ctrl,3,110.1108333,-0.0012,anoxic
BHI_neg_ctrl,4,110.1108333,-0.0003,anoxic
Staphylococcus_aureus,1,110.1108333,-0.0089,anoxic
Staphylococcus_aureus,2,110.1108333,0.1354,anoxic
Staphylococcus_aureus,3,110.1108333,0.1237,anoxic
Staphylococcus_aureus,4,110.1108333,0.1359,anoxic
Staphylococcus_capitis,1,110.1108333,0.2499,anoxic
Staphylococcus_capitis,2,110.1108333,0.2319,anoxic
Staphylococcus_capitis,3,110.1108333,0.1562,anoxic
Staphylococcus_capitis,4,110.1108333,0.2632,anoxic
Staphylococcus_epidermidis,1,110.1108333,-0.0144,anoxic
Staphylococcus_epidermidis,2,110.1108333,0.0024,anoxic
Staphylococcus_epidermidis,3,110.1108333,0.0966,anoxic
Staphylococcus_epidermidis,4,110.1108333,0.1524,anoxic
Staphylococcus_hominis,1,110.1108333,0.4945,anoxic
Staphylococcus_hominis,2,110.1108333,0.5313,anoxic
Staphylococcus_hominis,3,110.1108333,0.5195,anoxic
Staphylococcus_hominis,4,110.1108333,0.5819,anoxic
Streptococcus_mitis,1,110.1108333,0.621,anoxic
Streptococcus_mitis,2,110.1108333,0.4407,anoxic
Streptococcus_mitis,3,110.1108333,0.4759,anoxic
Streptococcus_mitis,4,110.1108333,0.6091,anoxic
Staphylococcus_warneri,1,110.1108333,0.2617,anoxic
Staphylococcus_warneri,2,110.1108333,0.2562,anoxic
Staphylococcus_warneri,3,110.1108333,0.2624,anoxic
Staphylococcus_warneri,4,110.1108333,0.2748,anoxic
Cutibacterium_acnes,1,120.015,0.2487,anoxic
Cutibacterium_acnes,2,120.015,0.56,anoxic
Cutibacterium_acnes,3,120.015,0.5487,anoxic
Cutibacterium_acnes,4,120.015,0.3476,anoxic
Corynebacterium_afermentans,1,120.015,0.4625,anoxic
Corynebacterium_afermentans,2,120.015,0.4803,anoxic
Corynebacterium_afermentans,3,120.015,0.4736,anoxic
Corynebacterium_afermentans,4,120.015,0.5142,anoxic
Micrococcus_luteus,1,120.015,0.0532,anoxic
Micrococcus_luteus,2,120.015,0.0195,anoxic
Micrococcus_luteus,3,120.015,0.0095,anoxic
Micrococcus_luteus,4,120.015,0.0599,anoxic
BHI_neg_ctrl,1,120.015,-0.0013,anoxic
BHI_neg_ctrl,2,120.015,-0.0019,anoxic
BHI_neg_ctrl,3,120.015,-0.0011,anoxic
BHI_neg_ctrl,4,120.015,0,anoxic
Staphylococcus_aureus,1,120.015,-0.0075,anoxic
Staphylococcus_aureus,2,120.015,0.1387,anoxic
Staphylococcus_aureus,3,120.015,0.1244,anoxic
Staphylococcus_aureus,4,120.015,0.1366,anoxic
Staphylococcus_capitis,1,120.015,0.2278,anoxic
Staphylococcus_capitis,2,120.015,0.2063,anoxic
Staphylococcus_capitis,3,120.015,0.1456,anoxic
Staphylococcus_capitis,4,120.015,0.2457,anoxic
Staphylococcus_epidermidis,1,120.015,-0.0142,anoxic
Staphylococcus_epidermidis,2,120.015,-0.0131,anoxic
Staphylococcus_epidermidis,3,120.015,0.1005,anoxic
Staphylococcus_epidermidis,4,120.015,0.1484,anoxic
Staphylococcus_hominis,1,120.015,0.4892,anoxic
Staphylococcus_hominis,2,120.015,0.5156,anoxic
Staphylococcus_hominis,3,120.015,0.5015,anoxic
Staphylococcus_hominis,4,120.015,0.5559,anoxic
Streptococcus_mitis,1,120.015,0.6314,anoxic
Streptococcus_mitis,2,120.015,0.4439,anoxic
Streptococcus_mitis,3,120.015,0.474,anoxic
Streptococcus_mitis,4,120.015,0.6128,anoxic
Staphylococcus_warneri,1,120.015,0.2576,anoxic
Staphylococcus_warneri,2,120.015,0.252,anoxic
Staphylococcus_warneri,3,120.015,0.2592,anoxic
Staphylococcus_warneri,4,120.015,0.2718,anoxic
Cutibacterium_acnes,1,129.9194444,0.2713,anoxic
Cutibacterium_acnes,2,129.9194444,0.6439,anoxic
Cutibacterium_acnes,3,129.9194444,0.6354,anoxic
Cutibacterium_acnes,4,129.9194444,0.4399,anoxic
Corynebacterium_afermentans,1,129.9194444,0.4378,anoxic
Corynebacterium_afermentans,2,129.9194444,0.4627,anoxic
Corynebacterium_afermentans,3,129.9194444,0.476,anoxic
Corynebacterium_afermentans,4,129.9194444,0.4873,anoxic
Micrococcus_luteus,1,129.9194444,0.0294,anoxic
Micrococcus_luteus,2,129.9194444,0.0175,anoxic
Micrococcus_luteus,3,129.9194444,0.0082,anoxic
Micrococcus_luteus,4,129.9194444,0.0534,anoxic
BHI_neg_ctrl,1,129.9194444,-0.0013,anoxic
BHI_neg_ctrl,2,129.9194444,-0.014,anoxic
BHI_neg_ctrl,3,129.9194444,-0.0094,anoxic
BHI_neg_ctrl,4,129.9194444,0,anoxic
Staphylococcus_aureus,1,129.9194444,-0.0056,anoxic
Staphylococcus_aureus,2,129.9194444,0.1336,anoxic
Staphylococcus_aureus,3,129.9194444,0.1183,anoxic
Staphylococcus_aureus,4,129.9194444,0.1301,anoxic
Staphylococcus_capitis,1,129.9194444,0.1953,anoxic
Staphylococcus_capitis,2,129.9194444,0.1696,anoxic
Staphylococcus_capitis,3,129.9194444,0.1245,anoxic
Staphylococcus_capitis,4,129.9194444,0.2114,anoxic
Staphylococcus_epidermidis,1,129.9194444,-0.0143,anoxic
Staphylococcus_epidermidis,2,129.9194444,-0.0139,anoxic
Staphylococcus_epidermidis,3,129.9194444,0.1139,anoxic
Staphylococcus_epidermidis,4,129.9194444,0.1338,anoxic
Staphylococcus_hominis,1,129.9194444,0.4623,anoxic
Staphylococcus_hominis,2,129.9194444,0.4757,anoxic
Staphylococcus_hominis,3,129.9194444,0.448,anoxic
Staphylococcus_hominis,4,129.9194444,0.4992,anoxic
Streptococcus_mitis,1,129.9194444,0.6194,anoxic
Streptococcus_mitis,2,129.9194444,0.4116,anoxic
Streptococcus_mitis,3,129.9194444,0.4271,anoxic
Streptococcus_mitis,4,129.9194444,0.5682,anoxic
Staphylococcus_warneri,1,129.9194444,0.2448,anoxic
Staphylococcus_warneri,2,129.9194444,0.237,anoxic
Staphylococcus_warneri,3,129.9194444,0.2462,anoxic
Staphylococcus_warneri,4,129.9194444,0.2581,anoxic
Cutibacterium_acnes,1,140.2566667,0.292,anoxic
Cutibacterium_acnes,2,140.2566667,0.6646,anoxic
Cutibacterium_acnes,3,140.2566667,0.6787,anoxic
Cutibacterium_acnes,4,140.2566667,0.5171,anoxic
Corynebacterium_afermentans,1,140.2566667,0.3882,anoxic
Corynebacterium_afermentans,2,140.2566667,0.4688,anoxic
Corynebacterium_afermentans,3,140.2566667,0.4457,anoxic
Corynebacterium_afermentans,4,140.2566667,0.4687,anoxic
Micrococcus_luteus,1,140.2566667,0.028,anoxic
Micrococcus_luteus,2,140.2566667,0.0172,anoxic
Micrococcus_luteus,3,140.2566667,0.0079,anoxic
Micrococcus_luteus,4,140.2566667,0.0507,anoxic
BHI_neg_ctrl,1,140.2566667,-0.001,anoxic
BHI_neg_ctrl,2,140.2566667,-0.0144,anoxic
BHI_neg_ctrl,3,140.2566667,-0.0151,anoxic
BHI_neg_ctrl,4,140.2566667,0.0001,anoxic
Staphylococcus_aureus,1,140.2566667,-0.0028,anoxic
Staphylococcus_aureus,2,140.2566667,0.1282,anoxic
Staphylococcus_aureus,3,140.2566667,0.1135,anoxic
Staphylococcus_aureus,4,140.2566667,0.1258,anoxic
Staphylococcus_capitis,1,140.2566667,0.182,anoxic
Staphylococcus_capitis,2,140.2566667,0.158,anoxic
Staphylococcus_capitis,3,140.2566667,0.1189,anoxic
Staphylococcus_capitis,4,140.2566667,0.2034,anoxic
Staphylococcus_epidermidis,1,140.2566667,-0.0142,anoxic
Staphylococcus_epidermidis,2,140.2566667,-0.0136,anoxic
Staphylococcus_epidermidis,3,140.2566667,0.122,anoxic
Staphylococcus_epidermidis,4,140.2566667,0.1305,anoxic
Staphylococcus_hominis,1,140.2566667,0.4601,anoxic
Staphylococcus_hominis,2,140.2566667,0.4656,anoxic
Staphylococcus_hominis,3,140.2566667,0.4333,anoxic
Staphylococcus_hominis,4,140.2566667,0.4758,anoxic
Streptococcus_mitis,1,140.2566667,0.6339,anoxic
Streptococcus_mitis,2,140.2566667,0.4158,anoxic
Streptococcus_mitis,3,140.2566667,0.4298,anoxic
Streptococcus_mitis,4,140.2566667,0.5771,anoxic
Staphylococcus_warneri,1,140.2566667,0.2448,anoxic
Staphylococcus_warneri,2,140.2566667,0.2359,anoxic
Staphylococcus_warneri,3,140.2566667,0.2471,anoxic
Staphylococcus_warneri,4,140.2566667,0.2603,anoxic