	Condition	Media
C10_S33_L0	GCS	0.1x BHI
C11_S37_L0	GCT	0.1x BHI
C2_S1_L001	EM	1x BHI
C3_S5_L001	2x	1x BHI
C4_S9_L001	3x	1x BHI
C5_S13_L00	GCS	1x BHI
C6_S17_L00	GCT	1x BHI
C7_S21_L00	EM	0.1x BHI
C8_S25_L00	2x	0.1x BHI
C9_S29_L00	3x	0.1x BHI
D10_S34_L0	GCS	0.1x BHI
D11_S38_L0	GCT	0.1x BHI
D2_S2_L001	EM	1x BHI
D3_S6_L001	2x	1x BHI
D4_S10_L00	3x	1x BHI
D5_S14_L00	GCS	1x BHI
D6_S18_L00	GCT	1x BHI
D7_S22_L00	EM	0.1x BHI
D8_S26_L00	2x	0.1x BHI
D9_S30_L00	3x	0.1x BHI
E10_S35_L0	GCS	0.1x BHI
E11_S39_L0	GCT	0.1x BHI
E2_S3_L001	EM	1x BHI
E3_S7_L001	2x	1x BHI
E4_S11_L00	3x	1x BHI
E5_S15_L00	GCS	1x BHI
E6_S19_L00	GCT	1x BHI
E7_S23_L00	EM	0.1x BHI
E8_S27_L00	2x	0.1x BHI
E9_S31_L00	3x	0.1x BHI
F10_S36_L0	GCS	0.1x BHI
F11_S40_L0	GCT	0.1x BHI
F2_S4_L001	EM	1x BHI
F3_S8_L001	2x	1x BHI
F4_S12_L00	3x	1x BHI
F5_S16_L00	GCS	1x BHI
F6_S20_L00	GCT	1x BHI
F7_S24_L00	EM	0.1x BHI
F8_S28_L00	2x	0.1x BHI
F9_S32_L00	3x	0.1x BHI
NegControl	Neg	Neg
