﻿Taxonomy,Species
NC_004461.1,Staphylococcus_epidermidis
NC_005003.1,Staphylococcus_epidermidis
NC_005004.1,Staphylococcus_epidermidis
NC_005005.1,Staphylococcus_epidermidis
NC_005006.1,Staphylococcus_epidermidis
NC_005007.1,Staphylococcus_epidermidis
NC_005008.1,Staphylococcus_epidermidis
NC_006085.1,Cutibacterium_acnes
NC_007795.1,Staphylococcus_aureus
NC_012803.1,Micrococcus_luteus
NZ_CP007601.1,Staphylococcus_capitis
NZ_CP007602.1,Staphylococcus_capitis
NZ_CP028414.1,Streptococcus_mitis
NZ_CP033731.1,Staphylococcus_hominis
NZ_CP033732.1,Staphylococcus_hominis
NZ_CP033733.1,Staphylococcus_hominis
NZ_LR134269.1,Staphylococcus_warneri
NZ_LXGG01000001.1,Corynebacterium_afermentans
NZ_LXGG01000002.1,Corynebacterium_afermentans
NZ_LXGG01000003.1,Corynebacterium_afermentans
NZ_LXGG01000004.1,Corynebacterium_afermentans
NZ_LXGG01000005.1,Corynebacterium_afermentans
NZ_LXGG01000008.1,Corynebacterium_afermentans
NZ_LXGG01000010.1,Corynebacterium_afermentans
NZ_LXGG01000011.1,Corynebacterium_afermentans
NZ_LXGG01000012.1,Corynebacterium_afermentans
NZ_LXGG01000013.1,Corynebacterium_afermentans
NZ_LXGG01000014.1,Corynebacterium_afermentans
NZ_LXGG01000018.1,Corynebacterium_afermentans
NZ_LXGG01000019.1,Corynebacterium_afermentans
NZ_LXGG01000020.1,Corynebacterium_afermentans
NZ_LXGG01000021.1,Corynebacterium_afermentans
NZ_LXGG01000022.1,Corynebacterium_afermentans
NZ_LXGG01000023.1,Corynebacterium_afermentans
NZ_LXGG01000024.1,Corynebacterium_afermentans